Estado,Populacao
Rondônia,1745278
Acre,880532
Amazonas,4281260
Roraima,718784
Pará,8651140
Amapá,892432
Tocantins,1577343
Maranhão,7015966
Piauí,3261278
Ceará,9233557
Rio Grande do Norte,3445592
Paraíba,4145941
Pernambuco,9530600
Alagoas,3328730
Sergipe,2281392
Bahia,14852514
Minas Gerais,21327862
Espírito Santo,4100150
Rio de Janeiro,17266130
São Paulo,45972195
Paraná,11874646
Santa Catarina,7950445
Rio Grande do Sul,11308563
Mato Grosso do Sul,2901866
Mato Grosso,3935298
Goiás,7251594
Distrito Federal,2982839